<?xml version="1.0" encoding="UTF-8"?>
<Configuration status="WARN" monitorInterval="30">
    <Properties>
        <Property name="LOG_PATTERN"
                  value="%d [%thread] [%-5level] [%c{1.}] - %msg%n" />
        <Property name="LOG_PATTERN_KIBANA"
                  value="%d [%thread] [%-5level] [%c{1.}] - %msg%n" />
        <Property name="LOG_DIR" value="logs" />
        <Property name="SYSTEM_FILE" value="SftpScheduler.log" />
        <Property name="KIBANA_FILE" value="SftpScheduler_kibana.log" />
    </Properties>
    <Appenders>

        <Console name="ConsoleAppender" target="SYSTEM_OUT"
                 follow="true">
            <PatternLayout pattern="${LOG_PATTERN}" />
        </Console>
        <Async name="Async">
            <AppenderRef ref="FileAppender" />
        </Async>
        <Async name="AsyncKibana">
            <PatternLayout pattern="LOG_PATTERN_KIBANA" />
            <AppenderRef ref="FileAppenderKibana" />
        </Async>

        <RollingFile name="FileAppender"
                     fileName="${LOG_DIR}/${SYSTEM_FILE}"
                     filePattern="${LOG_DIR}/${SYSTEM_FILE}-%d{yyyy-MM-dd}-%i.log">
            <PatternLayout>
                <Pattern>${LOG_PATTERN}</Pattern>
            </PatternLayout>
            <Policies>
                <SizeBasedTriggeringPolicy size="50MB" />
            </Policies>
            <DefaultRolloverStrategy max="500" />
        </RollingFile>

        <RollingFile name="FileAppenderKibana"
                     fileName="${LOG_DIR}/${KIBANA_FILE}"
                     filePattern="${LOG_DIR}/${KIBANA_FILE}-%d{yyyy-MM-dd}-%i.log">
            <PatternLayout>
                <Pattern>${LOG_PATTERN_KIBANA}</Pattern>
            </PatternLayout>
            <Policies>
                <SizeBasedTriggeringPolicy size="50MB" />
            </Policies>
            <DefaultRolloverStrategy max="500" />
        </RollingFile>
    </Appenders>

    <Loggers>
        
        <Logger name="com.myappbank" level="debug" additivity="false">
			<AppenderRef ref="Async" />
		</Logger>
		 <Logger name="com.myappbank.sftp.common.kibana.JobMDC" level="info" additivity="false">
			<AppenderRef ref="AsyncKibana" />
		</Logger>
       <Logger name="KibannaLogger" level="info" additivity="false">
			<AppenderRef ref="AsyncKibana" />
		</Logger>


        <Logger name="org.springframework.web" level="info" />
        <Logger name="org.springframework.ws" level="info" />
        <Logger name="org.springframework" level="info" />
        <Logger name="org.springframework.web.client.RestTemplate" level="info" />

        <Root level="info" additivity="false">
            <AppenderRef ref="ConsoleAppender" />
        </Root>
    </Loggers>
</Configuration>